audio_id,audio_path,romanized_transcript,bilingual_transcript,duration,sample_rate,processed_audio_path
audio_1,..\data\raw_audio\audio_1.wav,Mero assignment submit garna time lagxa.,मेरो assignment submit गर्न time लाग्छ।,2.26,16000,..\data\processed_audio\audio_1.wav
audio_10,..\data\raw_audio\audio_10.wav,Ma aba ghar jane sochdai chu.,म अब घर जाने सोच्दै छु।,1.97,16000,..\data\processed_audio\audio_10.wav
audio_100,..\data\raw_audio\audio_100.wav,Tyo function debug garna parxa.,त्यो function debug गर्नुपर्छ।,2.31,16000,..\data\processed_audio\audio_100.wav
audio_101,..\data\raw_audio\audio_101.wav,Maile chai breakfast nagareko.,मैलेचै breakfast नगरेको।,2.26,16000,..\data\processed_audio\audio_101.wav
audio_102,..\data\raw_audio\audio_102.wav,Tyo app update garna parxa.,त्यो app update गर्नुपर्छ।,1.81,16000,..\data\processed_audio\audio_102.wav
audio_103,..\data\raw_audio\audio_103.wav,Let's complete this topic today.,Let's complete this topic today.,2.14,16000,..\data\processed_audio\audio_103.wav
audio_104,..\data\raw_audio\audio_104.wav,Mero internet connection unstable xa.,मेरो internet connection unstable छ।,2.73,16000,..\data\processed_audio\audio_104.wav
audio_105,..\data\raw_audio\audio_105.wav,Please send me the notes after class.,Please send me the notes after class.,2.36,16000,..\data\processed_audio\audio_105.wav
audio_106,..\data\raw_audio\audio_106.wav,Tyo meeting kati baje start hunxa?,त्यो meeting कति बजे start हुन्छ?,2.12,16000,..\data\processed_audio\audio_106.wav
audio_107,..\data\raw_audio\audio_107.wav,Maile chai kal dekhi padna thale.,मैलेचै भोलि देखि पढ्न थाले।,2.45,16000,..\data\processed_audio\audio_107.wav
audio_108,..\data\raw_audio\audio_108.wav,Sir le assignment ko deadline extend garnu bhayo.,Sir ले assignment को deadline extend गर्नुभयो।,2.58,16000,..\data\processed_audio\audio_108.wav
audio_109,..\data\raw_audio\audio_109.wav,Tyo code output expected jasto xaina.,त्यो code output expected जस्तो छैन।,2.59,16000,..\data\processed_audio\audio_109.wav
audio_11,..\data\raw_audio\audio_11.wav,Tyo movie ko trailer dherai ramro xa.,त्यो movie को trailer धेरै राम्रो छ।,2.17,16000,..\data\processed_audio\audio_11.wav
audio_110,..\data\raw_audio\audio_110.wav,Please switch on your camera during viva.,Please switch on your camera during viva.,2.74,16000,..\data\processed_audio\audio_110.wav
audio_111,..\data\raw_audio\audio_111.wav,Maile chai course complete gare half.,मैलेचै  course complete गरे half.,2.54,16000,..\data\processed_audio\audio_111.wav
audio_112,..\data\raw_audio\audio_112.wav,Tyo task allocate garna parxa sabai ma.,त्यो task allocate गर्नुपर्छ सबैमा।,2.48,16000,..\data\processed_audio\audio_112.wav
audio_113,..\data\raw_audio\audio_113.wav,Mero phone ma tyo app install xa.,मेरो phone मा त्यो app install छ।,2.43,16000,..\data\processed_audio\audio_113.wav
audio_114,..\data\raw_audio\audio_114.wav,Let's do group study tomorrow.,Let's do group study tomorrow.,2.02,16000,..\data\processed_audio\audio_114.wav
audio_115,..\data\raw_audio\audio_115.wav,Maile chai tyo diagram draw gare class ma.,मैलेचै  त्यो diagram draw गरे class मा।,2.69,16000,..\data\processed_audio\audio_115.wav
audio_116,..\data\raw_audio\audio_116.wav,Please submit the form before deadline.,Please submit the form before deadline.,2.14,16000,..\data\processed_audio\audio_116.wav
audio_117,..\data\raw_audio\audio_117.wav,Mero bike service garna parxa.,मेरो bike service गर्नुपर्छ।,2.22,16000,..\data\processed_audio\audio_117.wav
audio_118,..\data\raw_audio\audio_118.wav,Tyo module bhaneko dherai important xa.,त्यो module भनेको धेरै important छ।,2.55,16000,..\data\processed_audio\audio_118.wav
audio_119,..\data\raw_audio\audio_119.wav,Maile chai kal dekhi early uthna thale.,मैलेचै  भोलि देखि early उठ्न थाले।,2.73,16000,..\data\processed_audio\audio_119.wav
audio_12,..\data\raw_audio\audio_12.wav,Assignment ko deadline extend hunxa ki nai?,Assignment को deadline extend हुन्छ कि नाई ?,2.35,16000,..\data\processed_audio\audio_12.wav
audio_120,..\data\raw_audio\audio_120.wav,Let's discuss this topic after lunch.,Let's discuss this topic after lunch.,2.55,16000,..\data\processed_audio\audio_120.wav
audio_121,..\data\raw_audio\audio_121.wav,Ma ghar pugna laai taxi liyera aako.,म घर पुग्नलाई taxi लिएर आएको।,2.44,16000,..\data\processed_audio\audio_121.wav
audio_122,..\data\raw_audio\audio_122.wav,Please mute yourself during meeting.,Please mute yourself during meeting.,2.28,16000,..\data\processed_audio\audio_122.wav
audio_123,..\data\raw_audio\audio_123.wav,Maile chai tyo topic revise gareko xu.,मैलेचै त्यो topic revise गरेको छु।,2.73,16000,..\data\processed_audio\audio_123.wav
audio_124,..\data\raw_audio\audio_124.wav,Tyo website load huna time lagxa.,त्यो website load हुन time लाग्छ।,2.54,16000,..\data\processed_audio\audio_124.wav
audio_125,..\data\raw_audio\audio_125.wav,Let's finish editing the video today.,Let's finish editing the video today.,2.45,16000,..\data\processed_audio\audio_125.wav
audio_126,..\data\raw_audio\audio_126.wav,Mero assignment file corrupt vayo.,मेरो assignment file corrupt भयो।,3.74,16000,..\data\processed_audio\audio_126.wav
audio_127,..\data\raw_audio\audio_127.wav,Tyo lecture record garna bhayo sir le.,त्यो lecture record गर्न भयो sir ले।,3.65,16000,..\data\processed_audio\audio_127.wav
audio_128,..\data\raw_audio\audio_128.wav,Please send the zoom link.,Please send the zoom link.,3.38,16000,..\data\processed_audio\audio_128.wav
audio_129,..\data\raw_audio\audio_129.wav,Maile chai hijo padhna time paayena.,मैले चाहिँ हिजो पढ्न time पाएँन।,4.83,16000,..\data\processed_audio\audio_129.wav
audio_13,..\data\raw_audio\audio_13.wav,Kal college ma class cancelled xa re.,भोलि college मा class cancelled छ रे।,2.38,16000,..\data\processed_audio\audio_13.wav
audio_130,..\data\raw_audio\audio_130.wav,Tyo image ko resolution low xa.,त्यो image को resolution low छ।,4.17,16000,..\data\processed_audio\audio_130.wav
audio_131,..\data\raw_audio\audio_131.wav,Let's go for group lunch today.,Let's go for group lunch today.,4.14,16000,..\data\processed_audio\audio_131.wav
audio_132,..\data\raw_audio\audio_132.wav,Ma ghar pugna alik late vayo.,म घर पुग्न अलिक late भयो।,4.55,16000,..\data\processed_audio\audio_132.wav
audio_133,..\data\raw_audio\audio_133.wav,Please reply to my message soon.,Please reply to my message soon.,4.21,16000,..\data\processed_audio\audio_133.wav
audio_134,..\data\raw_audio\audio_134.wav,Tyo code logic bujhna time lagxa.,त्यो code logic बुझ्न time लाग्छ।,4.28,16000,..\data\processed_audio\audio_134.wav
audio_135,..\data\raw_audio\audio_135.wav,Maile chai arko example try gare.,मैले चाहिँ अर्को example try गरे।,4.88,16000,..\data\processed_audio\audio_135.wav
audio_136,..\data\raw_audio\audio_136.wav,Tyo file ma error xa re.,त्यो file मा error छ रे।,4.03,16000,..\data\processed_audio\audio_136.wav
audio_137,..\data\raw_audio\audio_137.wav,Mero laptop slow vairaixa aaja.,मेरो laptop slow हुँदैछ आज।,4.42,16000,..\data\processed_audio\audio_137.wav
audio_138,..\data\raw_audio\audio_138.wav,Let's discuss project plan tomorrow.,Let's discuss project plan tomorrow.,3.69,16000,..\data\processed_audio\audio_138.wav
audio_139,..\data\raw_audio\audio_139.wav,Maile chai video edit gardai xu.,मैले चाहिँ video edit गर्दै छु।,3.9,16000,..\data\processed_audio\audio_139.wav
audio_14,..\data\raw_audio\audio_14.wav,Sir le extra class rakhnu bhayo bholi.,Sir ले extra class राख्नु भयो भोलि।,2.07,16000,..\data\processed_audio\audio_14.wav
audio_140,..\data\raw_audio\audio_140.wav,Please save the document frequently.,Please save the document frequently।,3.68,16000,..\data\processed_audio\audio_140.wav
audio_141,..\data\raw_audio\audio_141.wav,Tyo teacher ko explanation clear cha.,त्यो teacher को explanation clear छ।,4.33,16000,..\data\processed_audio\audio_141.wav
audio_142,..\data\raw_audio\audio_142.wav,Maile chai tyo question solve gare.,मैले चाहिँ त्यो question solve गरे।,4.1,16000,..\data\processed_audio\audio_142.wav
audio_143,..\data\raw_audio\audio_143.wav,Tyo folder drive ma upload gardinu.,त्यो folder drive मा upload गर्दिनु।,4.36,16000,..\data\processed_audio\audio_143.wav
audio_144,..\data\raw_audio\audio_144.wav,Let's start coding session now.,Let's start coding session now.,3.81,16000,..\data\processed_audio\audio_144.wav
audio_145,..\data\raw_audio\audio_145.wav,Maile chai tyo mail send gare.,मैले चाहिँ त्यो mail send गरे।,4.01,16000,..\data\processed_audio\audio_145.wav
audio_146,..\data\raw_audio\audio_146.wav,Please share the google form link.,Please share the google form link.,3.33,16000,..\data\processed_audio\audio_146.wav
audio_147,..\data\raw_audio\audio_147.wav,Mero practical test kal cha.,मेरो practical test भोलि छ।,3.77,16000,..\data\processed_audio\audio_147.wav
audio_148,..\data\raw_audio\audio_148.wav,Tyo function call garna birse.,त्यो function call गर्न बिर्से।,3.46,16000,..\data\processed_audio\audio_148.wav
audio_149,..\data\raw_audio\audio_149.wav,Maile chai code debug gardai xu.,मैले चाहिँ code debug गर्दै छु।,4.25,16000,..\data\processed_audio\audio_149.wav
audio_15,..\data\raw_audio\audio_15.wav,Tyo code ma error dekhauna sakchau?,त्यो code मा error देखाउन सक्छौ?,2.07,16000,..\data\processed_audio\audio_15.wav
audio_150,..\data\raw_audio\audio_150.wav,Let's attend tomorrow's workshop.,Let's attend tomorrow's workshop.,4.38,16000,..\data\processed_audio\audio_150.wav
audio_151,..\data\raw_audio\audio_151.wav,Mero room ma wifi problem xa.,मेरो room मा wifi problem छ।,4.47,16000,..\data\processed_audio\audio_151.wav
audio_152,..\data\raw_audio\audio_152.wav,Tyo photo upload gardaina timely.,त्यो photo upload गर्दैन तिमीले|,4.22,16000,..\data\processed_audio\audio_152.wav
audio_153,..\data\raw_audio\audio_153.wav,Please send your assignment today.,Please send your assignment today.,3.96,16000,..\data\processed_audio\audio_153.wav
audio_154,..\data\raw_audio\audio_154.wav,Maile chai tyo topic already padheko xu.,मैले चाहिँ त्यो topic already पढेको छु।,4.99,16000,..\data\processed_audio\audio_154.wav
audio_155,..\data\raw_audio\audio_155.wav,Tyo diagram explain gardinu na.,त्यो diagram explain गर्दिनु न।,4.58,16000,..\data\processed_audio\audio_155.wav
audio_156,..\data\raw_audio\audio_156.wav,Let's go for tea break.,Let's go for tea break.,3.21,16000,..\data\processed_audio\audio_156.wav
audio_157,..\data\raw_audio\audio_157.wav,Maile chai file rename gare already.,मैले चाहिँ file rename गरे already।,4.17,16000,..\data\processed_audio\audio_157.wav
audio_158,..\data\raw_audio\audio_158.wav,Please add me to the group.,Please add me to the group.,3.47,16000,..\data\processed_audio\audio_158.wav
audio_159,..\data\raw_audio\audio_159.wav,Mero code output correct xa.,मेरो code output correct छ।,3.92,16000,..\data\processed_audio\audio_159.wav
audio_16,..\data\raw_audio\audio_16.wav,Mero laptop ma python install xa already.,मेरो laptop मा python install छ already.,2.4,16000,..\data\processed_audio\audio_16.wav
audio_160,..\data\raw_audio\audio_160.wav,Tyo app update available cha.,त्यो app update available छ।,4.21,16000,..\data\processed_audio\audio_160.wav
audio_161,..\data\raw_audio\audio_161.wav,Maile chai question solve gare half.,मैले चाहिँ question solve गरे half।,4.17,16000,..\data\processed_audio\audio_161.wav
audio_162,..\data\raw_audio\audio_162.wav,Let's meet at library tomorrow.,Let's meet at library tomorrow.,4.28,16000,..\data\processed_audio\audio_162.wav
audio_163,..\data\raw_audio\audio_163.wav,Mero presentation bholi cha?,मेरो presentation भोलि छ?,3.6,16000,..\data\processed_audio\audio_163.wav
audio_164,..\data\raw_audio\audio_164.wav,Please check your WhatsApp.,Please check your WhatsApp.,3.54,16000,..\data\processed_audio\audio_164.wav
audio_165,..\data\raw_audio\audio_165.wav,Tyo document finalize garna parxa.,त्यो document finalize गर्न पर्छ।,4.07,16000,..\data\processed_audio\audio_165.wav
audio_166,..\data\raw_audio\audio_166.wav,Maile chai arko function try gare.,मैले चाहिँ अर्को function try गरे।,4.0,16000,..\data\processed_audio\audio_166.wav
audio_167,..\data\raw_audio\audio_167.wav,Tyo teacher ko lecture interesting xa.,त्यो teacher को lecture interesting छ।,5.21,16000,..\data\processed_audio\audio_167.wav
audio_168,..\data\raw_audio\audio_168.wav,Please bring your charger tomorrow.,Please bring your charger tomorrow.,4.07,16000,..\data\processed_audio\audio_168.wav
audio_169,..\data\raw_audio\audio_169.wav,Mero laptop ma VS Code xa installed.,मेरो laptop मा VS Code छ installed।,5.03,16000,..\data\processed_audio\audio_169.wav
audio_17,..\data\raw_audio\audio_17.wav,Let's finish this project by tonight.,Let's finish this project by tonight.,2.24,16000,..\data\processed_audio\audio_17.wav
audio_170,..\data\raw_audio\audio_170.wav,Let's practice more coding today.,Let's practice more coding today.,3.98,16000,..\data\processed_audio\audio_170.wav
audio_171,..\data\raw_audio\audio_171.wav,Maile chai tyo repo clone gareko xu.,मैले चाहिँ त्यो repo clone गरेको छु।,5.04,16000,..\data\processed_audio\audio_171.wav
audio_172,..\data\raw_audio\audio_172.wav,Please turn off your mic.,Please turn off your mic.,3.67,16000,..\data\processed_audio\audio_172.wav
audio_173,..\data\raw_audio\audio_173.wav,Tyo table clean garera rakhnu.,त्यो table clean गरेर राख्नु।,3.69,16000,..\data\processed_audio\audio_173.wav
audio_174,..\data\raw_audio\audio_174.wav,Ma ghar pugna alik time lagxa.,म घर पुग्न अलिक time लाग्छ।,4.5,16000,..\data\processed_audio\audio_174.wav
audio_175,..\data\raw_audio\audio_175.wav,Let's finish editing by tonight.,Let's finish editing by tonight.,4.17,16000,..\data\processed_audio\audio_175.wav
audio_176,..\data\raw_audio\audio_176.wav,Mero practical marks upload vayo ki nai?,मेरो practical marks upload भयो कि छैन?,4.92,16000,..\data\processed_audio\audio_176.wav
audio_177,..\data\raw_audio\audio_177.wav,Please check the spelling once.,Please check the spelling once.,3.5,16000,..\data\processed_audio\audio_177.wav
audio_178,..\data\raw_audio\audio_178.wav,Tyo class join garna birse maile.,त्यो class join गर्न बिर्से मैले।,4.71,16000,..\data\processed_audio\audio_178.wav
audio_179,..\data\raw_audio\audio_179.wav,Maile chai tyo question google gare.,मैले चाहिँ त्यो question google गरे।,4.33,16000,..\data\processed_audio\audio_179.wav
audio_18,..\data\raw_audio\audio_18.wav,Maile tyo reel edit gareko xu.,मैले त्यो reel edit गरेको छु।,1.86,16000,..\data\processed_audio\audio_18.wav
audio_180,..\data\raw_audio\audio_180.wav,Tyo diagram alik ramro banauna parxa.,त्यो diagram अलिक राम्रो बनाउन पर्छ।,4.91,16000,..\data\processed_audio\audio_180.wav
audio_181,..\data\raw_audio\audio_181.wav,Let's submit assignment before lunch.,Let's submit assignment before lunch।,3.92,16000,..\data\processed_audio\audio_181.wav
audio_182,..\data\raw_audio\audio_182.wav,Mero pen khoi bhaneko xu.,मेरो pen खोइ भनेको छु।,4.55,16000,..\data\processed_audio\audio_182.wav
audio_183,..\data\raw_audio\audio_183.wav,Please unmute yourself to speak.,Please unmute yourself to speak.,3.85,16000,..\data\processed_audio\audio_183.wav
audio_184,..\data\raw_audio\audio_184.wav,Tyo video ko quality ramro cha.,त्यो video को quality राम्रो छ।,4.1,16000,..\data\processed_audio\audio_184.wav
audio_185,..\data\raw_audio\audio_185.wav,Maile chai hijo tyo task gareko xu.,मैले चाहिँ हिजो त्यो task गरेको छु।,4.42,16000,..\data\processed_audio\audio_185.wav
audio_186,..\data\raw_audio\audio_186.wav,Tyo teacher ko handwriting ramro xa.,त्यो teacher को handwriting राम्रो छ।,4.28,16000,..\data\processed_audio\audio_186.wav
audio_187,..\data\raw_audio\audio_187.wav,Please fill the feedback form.,Please fill the feedback form.,3.77,16000,..\data\processed_audio\audio_187.wav
audio_188,..\data\raw_audio\audio_188.wav,Mero assignment submit vayo already.,मेरो assignment submit भयो already।,4.12,16000,..\data\processed_audio\audio_188.wav
audio_189,..\data\raw_audio\audio_189.wav,Tyo app install garna thap permission maage.,त्यो app install गर्न थप permission मागे।,5.15,16000,..\data\processed_audio\audio_189.wav
audio_19,..\data\raw_audio\audio_19.wav,Yo song sunera mood fresh hunxa.,यो song सुनेर mood fresh हुन्छ।,2.31,16000,..\data\processed_audio\audio_19.wav
audio_190,..\data\raw_audio\audio_190.wav,Let's fix the bug today.,Let's fix the bug today.,3.86,16000,..\data\processed_audio\audio_190.wav
audio_191,..\data\raw_audio\audio_191.wav,Maile chai tyo class record gare.,मैले चाहिँ त्यो class record गरे।,4.61,16000,..\data\processed_audio\audio_191.wav
audio_192,..\data\raw_audio\audio_192.wav,Please clean your desktop.,Please clean your desktop.,3.62,16000,..\data\processed_audio\audio_192.wav
audio_193,..\data\raw_audio\audio_193.wav,Tyo meeting cancel vayo re.,त्यो meeting cancel भयो रे।,4.05,16000,..\data\processed_audio\audio_193.wav
audio_194,..\data\raw_audio\audio_194.wav,Ma ghar pugna laai bus liyera aaye.,म घर पुग्न लाई bus लिएर आए।,4.36,16000,..\data\processed_audio\audio_194.wav
audio_195,..\data\raw_audio\audio_195.wav,Let's create new repository today.,Let's create new repository today।,4.36,16000,..\data\processed_audio\audio_195.wav
audio_196,..\data\raw_audio\audio_196.wav,Mero internet bill unpaid xa.,मेरो internet bill unpaid छ।,4.26,16000,..\data\processed_audio\audio_196.wav
audio_197,..\data\raw_audio\audio_197.wav,Please use headset during meeting.,Please use headset during meeting.,4.03,16000,..\data\processed_audio\audio_197.wav
audio_198,..\data\raw_audio\audio_198.wav,Tyo code re-run garera check gara.,त्यो code re-run गरेर check गर।,4.14,16000,..\data\processed_audio\audio_198.wav
audio_199,..\data\raw_audio\audio_199.wav,Maile chai output verify gare.,मैले चाहिँ output verify गरे।,4.17,16000,..\data\processed_audio\audio_199.wav
audio_2,..\data\raw_audio\audio_2.wav,Sir le bhaneko concept clear vayena.,Sir ले भनेको concept clear भएको छैन।,2.44,16000,..\data\processed_audio\audio_2.wav
audio_20,..\data\raw_audio\audio_20.wav,Lunch ma momo khane ho?,Lunch मा momo खाने हो?,1.47,16000,..\data\processed_audio\audio_20.wav
audio_200,..\data\raw_audio\audio_200.wav,Let's have group discussion.,Let's have group discussion.,3.58,16000,..\data\processed_audio\audio_200.wav
audio_201,..\data\raw_audio\audio_201.wav,Mero presentation file ready cha.,मेरो presentation file ready छ।,4.04,16000,..\data\processed_audio\audio_201.wav
audio_202,..\data\raw_audio\audio_202.wav,Please join the meeting soon.,Please join the meeting soon.,3.58,16000,..\data\processed_audio\audio_202.wav
audio_203,..\data\raw_audio\audio_203.wav,Tyo function parameter galat cha.,त्यो function parameter गलत छ।,4.45,16000,..\data\processed_audio\audio_203.wav
audio_204,..\data\raw_audio\audio_204.wav,Maile chai video upload gare youtube ma.,मैले चाहिँ video upload गरे youtube मा।,4.83,16000,..\data\processed_audio\audio_204.wav
audio_205,..\data\raw_audio\audio_205.wav,Tyo teacher ko subject dherai interesting xa.,त्यो teacher को subject धेरै interesting छ।,5.32,16000,..\data\processed_audio\audio_205.wav
audio_206,..\data\raw_audio\audio_206.wav,Let's finalize report today.,Let's finalize report today.,3.35,16000,..\data\processed_audio\audio_206.wav
audio_207,..\data\raw_audio\audio_207.wav,Maile chai python install gare.,मैले चाहिँ python install गरे।,4.04,16000,..\data\processed_audio\audio_207.wav
audio_208,..\data\raw_audio\audio_208.wav,Please share the ppt slides.,Please share the ppt slides.,3.31,16000,..\data\processed_audio\audio_208.wav
audio_209,..\data\raw_audio\audio_209.wav,Tyo question ko answer easy xa.,त्यो question को answer easy छ।,3.54,16000,..\data\processed_audio\audio_209.wav
audio_21,..\data\raw_audio\audio_21.wav,Yo code run garna thap module install garnu parxa.,यो code run गर्न थप module install गर्नुपर्छ।,3.07,16000,..\data\processed_audio\audio_21.wav
audio_210,..\data\raw_audio\audio_210.wav,Maile chai tyo diagram draw gare class ma.,मैले चाहिँ त्यो diagram draw गरे class मा।,5.62,16000,..\data\processed_audio\audio_210.wav
audio_211,..\data\raw_audio\audio_211.wav,Tyo video edit garna alik time lagxa.,त्यो video edit गर्न अलिक time लाग्छ।,5.03,16000,..\data\processed_audio\audio_211.wav
audio_212,..\data\raw_audio\audio_212.wav,Please send me the final draft.,Please send me the final draft.,4.22,16000,..\data\processed_audio\audio_212.wav
audio_213,..\data\raw_audio\audio_213.wav,Mero laptop charge khattam xa.,मेरो laptop charge खत्तम छ।,4.08,16000,..\data\processed_audio\audio_213.wav
audio_214,..\data\raw_audio\audio_214.wav,Let's revise this topic now.,Let's revise this topic now.,3.56,16000,..\data\processed_audio\audio_214.wav
audio_215,..\data\raw_audio\audio_215.wav,Maile chai question bank download gare.,मैले चाहिँ question bank download गरे।,4.26,16000,..\data\processed_audio\audio_215.wav
audio_216,..\data\raw_audio\audio_216.wav,Tyo image blur xa re.,त्यो image blur छ रे।,3.74,16000,..\data\processed_audio\audio_216.wav
audio_217,..\data\raw_audio\audio_217.wav,Please share your notes.,Please share your notes.,2.87,16000,..\data\processed_audio\audio_217.wav
audio_218,..\data\raw_audio\audio_218.wav,Mero exam bholi cha?,मेरो exam भोलि छ?,3.5,16000,..\data\processed_audio\audio_218.wav
audio_219,..\data\raw_audio\audio_219.wav,Tyo class record vayo ki nai?,त्यो class record भयो कि छैन?,3.74,16000,..\data\processed_audio\audio_219.wav
audio_22,..\data\raw_audio\audio_22.wav,"Kal test cha, padhera aauna.","भोलि test छ, पढेर आउनु।",1.9,16000,..\data\processed_audio\audio_22.wav
audio_220,..\data\raw_audio\audio_220.wav,Maile chai assignment submit gare hijo.,मैले चाहिँ assignment submit गरे हिजो।,4.76,16000,..\data\processed_audio\audio_220.wav
audio_221,..\data\raw_audio\audio_221.wav,Let's deploy project today.,Let's deploy project today.,3.2,16000,..\data\processed_audio\audio_221.wav
audio_222,..\data\raw_audio\audio_222.wav,Mero pen drive ghar ma xa.,मेरो pen drive घर मा छ।,3.75,16000,..\data\processed_audio\audio_222.wav
audio_223,..\data\raw_audio\audio_223.wav,Please create a backup file.,Please create a backup file।,3.37,16000,..\data\processed_audio\audio_223.wav
audio_224,..\data\raw_audio\audio_224.wav,Tyo topic readymade solution ma nai xa.,त्यो topic readymade solution मा नै छ।,4.42,16000,..\data\processed_audio\audio_224.wav
audio_225,..\data\raw_audio\audio_225.wav,Maile chai youtube video herera padhe.,मैले चाहिँ youtube video हेरेर पढे।,4.04,16000,..\data\processed_audio\audio_225.wav
audio_226,..\data\raw_audio\audio_226.wav,Mero assignment deadline bholi ho.,मेरो assignment deadline भोलि हो।,3.6,16000,..\data\processed_audio\audio_226.wav
audio_227,..\data\raw_audio\audio_227.wav,Please turn on your camera.,Please turn on your camera.,2.79,16000,..\data\processed_audio\audio_227.wav
audio_228,..\data\raw_audio\audio_228.wav,Tyo teacher le example dherai ramro diye.,त्यो teacher ले example धेरै राम्रो दिए।,4.21,16000,..\data\processed_audio\audio_228.wav
audio_229,..\data\raw_audio\audio_229.wav,Maile chai code compile gareko xu.,मैले चाहिँ code compile गरेको छु।,3.74,16000,..\data\processed_audio\audio_229.wav
audio_23,..\data\raw_audio\audio_23.wav,Mero name list ma xa ki nai?,मेरो name list मा छ कि छैन?,1.83,16000,..\data\processed_audio\audio_23.wav
audio_230,..\data\raw_audio\audio_230.wav,Tyo app use garna easy lagyo.,त्यो app use गर्न easy लाग्यो।,3.41,16000,..\data\processed_audio\audio_230.wav
audio_231,..\data\raw_audio\audio_231.wav,Let's discuss this in next meeting.,Let's discuss this in next meeting.,3.71,16000,..\data\processed_audio\audio_231.wav
audio_232,..\data\raw_audio\audio_232.wav,Mero phone ko storage almost full xa.,मेरो phone को storage almost full छ।,4.34,16000,..\data\processed_audio\audio_232.wav
audio_233,..\data\raw_audio\audio_233.wav,Please upload the report by today.,Please upload the report by today.,3.8,16000,..\data\processed_audio\audio_233.wav
audio_234,..\data\raw_audio\audio_234.wav,Tyo error ko solution khojdai xu.,त्यो error को solution खोज्दै छु।,3.88,16000,..\data\processed_audio\audio_234.wav
audio_235,..\data\raw_audio\audio_235.wav,Maile chai project complete gare half.,मैले चाहिँ project complete गरे half।,4.57,16000,..\data\processed_audio\audio_235.wav
audio_236,..\data\raw_audio\audio_236.wav,Tyo lecture sunera dherai bujhiyo.,त्यो lecture सुनेर धेरै बुझियो।,3.52,16000,..\data\processed_audio\audio_236.wav
audio_237,..\data\raw_audio\audio_237.wav,Please share your screen for demo.,Please share your screen for demo.,4.03,16000,..\data\processed_audio\audio_237.wav
audio_238,..\data\raw_audio\audio_238.wav,Mero net connection kati slow xa.,मेरो net connection कति slow छ।,3.86,16000,..\data\processed_audio\audio_238.wav
audio_239,..\data\raw_audio\audio_239.wav,Let's prepare slides today itself.,Let's prepare slides today itself.,4.22,16000,..\data\processed_audio\audio_239.wav
audio_24,..\data\raw_audio\audio_24.wav,Tyo file google drive ma upload gardinu.,त्यो file google drive मा upload गरिदिनु।,2.33,16000,..\data\processed_audio\audio_24.wav
audio_240,..\data\raw_audio\audio_240.wav,Maile chai kal tyo video edit gare.,मैले चाहिँ हिजो। त्यो video edit गरे।,4.83,16000,..\data\processed_audio\audio_240.wav
audio_241,..\data\raw_audio\audio_241.wav,Tyo question explain gardinu na sir lai.,त्यो question explain गर्दिनु न sir लाई।,4.07,16000,..\data\processed_audio\audio_241.wav
audio_242,..\data\raw_audio\audio_242.wav,Please submit the document before evening.,Please submit the document before evening.,4.17,16000,..\data\processed_audio\audio_242.wav
audio_243,..\data\raw_audio\audio_243.wav,Mero practical preparation ali kamjor xa.,मेरो practical preparation अलि कमजोर छ।,4.55,16000,..\data\processed_audio\audio_243.wav
audio_244,..\data\raw_audio\audio_244.wav,Tyo code run hunna re.,त्यो code run हुन्न रे।,2.93,16000,..\data\processed_audio\audio_244.wav
audio_245,..\data\raw_audio\audio_245.wav,Maile chai assignment print gareko xu.,मैले चाहिँ assignment print गरेको छु।,4.36,16000,..\data\processed_audio\audio_245.wav
audio_246,..\data\raw_audio\audio_246.wav,Let's start recording the video today.,Let's start recording the video today.,3.46,16000,..\data\processed_audio\audio_246.wav
audio_247,..\data\raw_audio\audio_247.wav,Mero laptop charger ghar ma birse.,मेरो laptop charger घर मा बिर्से।,3.95,16000,..\data\processed_audio\audio_247.wav
audio_248,..\data\raw_audio\audio_248.wav,Please give me your pen for a while.,Please give me your pen for a while.,3.68,16000,..\data\processed_audio\audio_248.wav
audio_249,..\data\raw_audio\audio_249.wav,Tyo seminar join garna mandatory xa.,त्यो seminar join गर्न mandatory छ।,4.24,16000,..\data\processed_audio\audio_249.wav
audio_25,..\data\raw_audio\audio_25.wav,Please call me after your class.,Please call me after your class.,2.1,16000,..\data\processed_audio\audio_25.wav
audio_250,..\data\raw_audio\audio_250.wav,Maile chai tyo bug fix gare finally.,मैले चाहिँ त्यो bug fix गरे finally।,4.31,16000,..\data\processed_audio\audio_250.wav
audio_251,..\data\raw_audio\audio_251.wav,Mero internet recharge garnu parxa.,मेरो internet recharge गर्नु पर्छ।,4.1,16000,..\data\processed_audio\audio_251.wav
audio_252,..\data\raw_audio\audio_252.wav,Please attach the file in email.,Please attach the file in email.,3.77,16000,..\data\processed_audio\audio_252.wav
audio_253,..\data\raw_audio\audio_253.wav,Tyo lecture note clear cha.,त्यो lecture note clear छ।,3.62,16000,..\data\processed_audio\audio_253.wav
audio_254,..\data\raw_audio\audio_254.wav,Maile chai tyo mail reply gareko xu.,मैले चाहिँ त्यो mail reply गरेको छु।,4.64,16000,..\data\processed_audio\audio_254.wav
audio_255,..\data\raw_audio\audio_255.wav,Tyo error troubleshoot garna parxa.,त्यो error troubleshoot गर्न पर्छ।,4.28,16000,..\data\processed_audio\audio_255.wav
audio_256,..\data\raw_audio\audio_256.wav,Let's start our group project soon.,Let's start our group project soon.,4.33,16000,..\data\processed_audio\audio_256.wav
audio_257,..\data\raw_audio\audio_257.wav,Mero assignment ko plagiarism high xa.,मेरो assignment को plagiarism high छ।,5.24,16000,..\data\processed_audio\audio_257.wav
audio_258,..\data\raw_audio\audio_258.wav,Please ask sir once about this.,Please ask sir once about this.,3.81,16000,..\data\processed_audio\audio_258.wav
audio_259,..\data\raw_audio\audio_259.wav,Tyo app ko update available xa.,त्यो app को update available छ।,4.01,16000,..\data\processed_audio\audio_259.wav
audio_26,..\data\raw_audio\audio_26.wav,Kati ramro weather xa aja.,कति राम्रो weather छ आज।,1.55,16000,..\data\processed_audio\audio_26.wav
audio_260,..\data\raw_audio\audio_260.wav,Maile chai kal tyo class attend gare.,मैले चाहिँ हिजो त्यो class attend गरे।,4.47,16000,..\data\processed_audio\audio_260.wav
audio_261,..\data\raw_audio\audio_261.wav,Tyo function use garna easy xa.,त्यो function use गर्न easy छ।,3.37,16000,..\data\processed_audio\audio_261.wav
audio_262,..\data\raw_audio\audio_262.wav,Please send the attendance link.,Please send the attendance link.,3.52,16000,..\data\processed_audio\audio_262.wav
audio_263,..\data\raw_audio\audio_263.wav,Mero video upload huna time lagxa.,मेरो video upload हुन time लाग्छ।,3.81,16000,..\data\processed_audio\audio_263.wav
audio_264,..\data\raw_audio\audio_264.wav,Let's create the database schema today.,Let's create the database schema today.,4.14,16000,..\data\processed_audio\audio_264.wav
audio_265,..\data\raw_audio\audio_265.wav,Maile chai code commit gare github ma.,मैले चाहिँ code commit गरे github मा।,4.38,16000,..\data\processed_audio\audio_265.wav
audio_266,..\data\raw_audio\audio_266.wav,Tyo teacher le concept ramro sanga bujhaune hunxa.,त्यो teacher ले concept राम्रो संग बुझाउने हुन्छ।,5.04,16000,..\data\processed_audio\audio_266.wav
audio_267,..\data\raw_audio\audio_267.wav,Please wait for your turn.,Please wait for your turn.,3.4,16000,..\data\processed_audio\audio_267.wav
audio_268,..\data\raw_audio\audio_268.wav,Mero bike ko servicing date aayo.,मेरो bike को servicing date आयो।,3.85,16000,..\data\processed_audio\audio_268.wav
audio_269,..\data\raw_audio\audio_269.wav,Tyo topic revise garna parxa.,त्यो topic revise गर्न पर्छ।,3.42,16000,..\data\processed_audio\audio_269.wav
audio_27,..\data\raw_audio\audio_27.wav,Mero net slow vairaixa aaja.,मेरो net slow भइरहेको छ आज।,1.89,16000,..\data\processed_audio\audio_27.wav
audio_270,..\data\raw_audio\audio_270.wav,Maile chai form fill gare already.,मैले चाहिँ form fill गरे already।,4.14,16000,..\data\processed_audio\audio_270.wav
audio_271,..\data\raw_audio\audio_271.wav,Tyo image crop garera pathaunu.,त्यो image crop गरेर पठाउनु।,4.05,16000,..\data\processed_audio\audio_271.wav
audio_272,..\data\raw_audio\audio_272.wav,Please rename the folder properly.,Please rename the folder properly.,3.77,16000,..\data\processed_audio\audio_272.wav
audio_273,..\data\raw_audio\audio_273.wav,Mero presentation bholi submit garna parxa.,मेरो presentation भोलि submit गर्न पर्छ।,4.62,16000,..\data\processed_audio\audio_273.wav
audio_274,..\data\raw_audio\audio_274.wav,Let's divide the work equally.,Let's divide the work equally.,3.26,16000,..\data\processed_audio\audio_274.wav
audio_275,..\data\raw_audio\audio_275.wav,Maile chai tyo software install gare.,मैले चाहिँ त्यो software install गरे।,4.0,16000,..\data\processed_audio\audio_275.wav
audio_276,..\data\raw_audio\audio_276.wav,Mero net off vayo.,मेरो net off भयो।,2.56,16000,..\data\processed_audio\audio_276.wav
audio_277,..\data\raw_audio\audio_277.wav,Please check the grammar once.,Please check the grammar once.,3.37,16000,..\data\processed_audio\audio_277.wav
audio_278,..\data\raw_audio\audio_278.wav,Tyo video upload gardai xu ma.,त्यो video upload गर्दै छु म।,3.85,16000,..\data\processed_audio\audio_278.wav
audio_279,..\data\raw_audio\audio_279.wav,Maile chai tyo project idea finalize gare.,मैले चाहिँ त्यो project idea finalize गरे।,5.29,16000,..\data\processed_audio\audio_279.wav
audio_28,..\data\raw_audio\audio_28.wav,Tyo teacher ko teaching style dherai ramro xa.,त्यो teacher को teaching style धेरै राम्रो छ।,2.56,16000,..\data\processed_audio\audio_28.wav
audio_280,..\data\raw_audio\audio_280.wav,Tyo teacher ko pronunciation clear xa.,त्यो teacher को pronunciation clear छ।,4.54,16000,..\data\processed_audio\audio_280.wav
audio_281,..\data\raw_audio\audio_281.wav,Let's prepare for upcoming test.,Let's prepare for upcoming test.,3.52,16000,..\data\processed_audio\audio_281.wav
audio_282,..\data\raw_audio\audio_282.wav,Mero laptop ko battery khattam vayo.,मेरो laptop को battery खत्तम भयो।,4.33,16000,..\data\processed_audio\audio_282.wav
audio_283,..\data\raw_audio\audio_283.wav,Please delete the old files.,Please delete the old files.,3.81,16000,..\data\processed_audio\audio_283.wav
audio_284,..\data\raw_audio\audio_284.wav,Tyo code logic alik tricky xa.,त्यो code logic अलिक tricky छ।,4.01,16000,..\data\processed_audio\audio_284.wav
audio_285,..\data\raw_audio\audio_285.wav,Maile chai tyo topic padheko xu last week.,मैले चाहिँ त्यो topic पढेको छु last week।,5.2,16000,..\data\processed_audio\audio_285.wav
audio_286,..\data\raw_audio\audio_286.wav,Tyo function output expected jasto xa.,त्यो function output expected जस्तो छ।,4.26,16000,..\data\processed_audio\audio_286.wav
audio_287,..\data\raw_audio\audio_287.wav,Please finish the task by evening.,Please finish the task by evening.,3.74,16000,..\data\processed_audio\audio_287.wav
audio_288,..\data\raw_audio\audio_288.wav,Mero phone charge cha ki nai?,मेरो phone charge छ कि छैन?,3.62,16000,..\data\processed_audio\audio_288.wav
audio_289,..\data\raw_audio\audio_289.wav,Let's review each other's code today.,Let's review each other's code today.,3.85,16000,..\data\processed_audio\audio_289.wav
audio_29,..\data\raw_audio\audio_29.wav,Let's meet at library after break.,Let's meet at library after break.,2.33,16000,..\data\processed_audio\audio_29.wav
audio_290,..\data\raw_audio\audio_290.wav,Maile chai tyo message read gareko xu.,मैले चाहिँ त्यो message read गरेको छु।,4.14,16000,..\data\processed_audio\audio_290.wav
audio_291,..\data\raw_audio\audio_291.wav,Tyo question answer garna time lagxa.,त्यो question answer गर्न time लाग्छ।,4.31,16000,..\data\processed_audio\audio_291.wav
audio_292,..\data\raw_audio\audio_292.wav,Please arrange the files properly.,Please arrange the files properly.,3.71,16000,..\data\processed_audio\audio_292.wav
audio_293,..\data\raw_audio\audio_293.wav,Mero internet slow vairaixa continuously.,मेरो internet slow भइरहेको continuously।,4.52,16000,..\data\processed_audio\audio_293.wav
audio_294,..\data\raw_audio\audio_294.wav,Tyo teacher le bholi test linu hunxa.,त्यो teacher ले भोलि test लिनु हुन्छ।,4.01,16000,..\data\processed_audio\audio_294.wav
audio_295,..\data\raw_audio\audio_295.wav,Maile chai assignment finalize gare.,मैले चाहिँ assignment finalize गरे।,4.12,16000,..\data\processed_audio\audio_295.wav
audio_296,..\data\raw_audio\audio_296.wav,Let's check the git status.,Let's check the git status.,3.14,16000,..\data\processed_audio\audio_296.wav
audio_297,..\data\raw_audio\audio_297.wav,Mero laptop ma VS Code update aayo.,मेरो laptop मा VS Code update आयो।,3.96,16000,..\data\processed_audio\audio_297.wav
audio_298,..\data\raw_audio\audio_298.wav,Please create the presentation slides.,Please create the presentation slides.,3.92,16000,..\data\processed_audio\audio_298.wav
audio_299,..\data\raw_audio\audio_299.wav,Tyo diagram explain gardinu na sir lai.,त्यो diagram explain गर्नु न sir लाई।,4.28,16000,..\data\processed_audio\audio_299.wav
audio_3,..\data\raw_audio\audio_3.wav,Timi chai kati baje ghar jane plan cha?,तिमी चाहिँ कति बजे घर जाने plan छ?,1.89,16000,..\data\processed_audio\audio_3.wav
audio_30,..\data\raw_audio\audio_30.wav,Mero assignment almost complete xa.,मेरो assignment almost complete छ।,2.25,16000,..\data\processed_audio\audio_30.wav
audio_300,..\data\raw_audio\audio_300.wav,Maile chai kal group meeting join gare.,मैले चाहिँ हिजो group meeting join गरे।,4.54,16000,..\data\processed_audio\audio_300.wav
audio_301,..\data\raw_audio\audio_301.wav,Mero assignment feedback aaena.,मेरो assignment feedback आएन।,3.42,16000,..\data\processed_audio\audio_301.wav
audio_302,..\data\raw_audio\audio_302.wav,Please mute yourself after speaking.,Please mute yourself after speaking।,4.47,16000,..\data\processed_audio\audio_302.wav
audio_303,..\data\raw_audio\audio_303.wav,Tyo video ko audio clear cha.,त्यो video को audio clear छ।,3.27,16000,..\data\processed_audio\audio_303.wav
audio_304,..\data\raw_audio\audio_304.wav,Maile chai code refactor gare.,मैले चाहिँ code refactor गरे।,3.63,16000,..\data\processed_audio\audio_304.wav
audio_305,..\data\raw_audio\audio_305.wav,Tyo teacher le note upload garnu bhayo.,त्यो teacher ले note upload गर्नु भयो।,3.85,16000,..\data\processed_audio\audio_305.wav
audio_306,..\data\raw_audio\audio_306.wav,Let's plan for upcoming hackathon.,Let's plan for upcoming hackathon.,4.05,16000,..\data\processed_audio\audio_306.wav
audio_307,..\data\raw_audio\audio_307.wav,Mero phone ko speaker problem xa.,मेरो phone को speaker problem छ।,3.88,16000,..\data\processed_audio\audio_307.wav
audio_308,..\data\raw_audio\audio_308.wav,Please recheck the calculation.,Please recheck the calculation.,2.96,16000,..\data\processed_audio\audio_308.wav
audio_309,..\data\raw_audio\audio_309.wav,Tyo image resolution kam xa.,त्यो image resolution कम छ।,3.37,16000,..\data\processed_audio\audio_309.wav
audio_31,..\data\raw_audio\audio_31.wav,Kal group meeting kati baje?,भोलि group meeting कति बजे?,1.83,16000,..\data\processed_audio\audio_31.wav
audio_310,..\data\raw_audio\audio_310.wav,Maile chai tyo topic revise gare.,मैले चाहिँ त्यो topic revise गरे।,3.85,16000,..\data\processed_audio\audio_310.wav
audio_311,..\data\raw_audio\audio_311.wav,Tyo question easy xa for me.,त्यो question easy छ for me।,3.59,16000,..\data\processed_audio\audio_311.wav
audio_312,..\data\raw_audio\audio_312.wav,Please connect your device to wifi.,Please connect your device to wifi.,3.74,16000,..\data\processed_audio\audio_312.wav
audio_313,..\data\raw_audio\audio_313.wav,Mero laptop ma storage kam xa.,मेरो laptop मा storage कम छ।,3.77,16000,..\data\processed_audio\audio_313.wav
audio_314,..\data\raw_audio\audio_314.wav,Let's discuss this after lunch break.,Let's discuss this after lunch break.,3.77,16000,..\data\processed_audio\audio_314.wav
audio_315,..\data\raw_audio\audio_315.wav,Maile chai hijo practical test diyo.,मैले चाहिँ हिजो practical test दिए।,4.52,16000,..\data\processed_audio\audio_315.wav
audio_316,..\data\raw_audio\audio_316.wav,Tyo teacher ko teaching method different xa.,त्यो teacher को teaching method different छ।,4.88,16000,..\data\processed_audio\audio_316.wav
audio_317,..\data\raw_audio\audio_317.wav,Please logout from the system.,Please logout from the system.,3.2,16000,..\data\processed_audio\audio_317.wav
audio_318,..\data\raw_audio\audio_318.wav,Mero assignment ko marks aayo.,मेरो assignment को marks आयो।,4.05,16000,..\data\processed_audio\audio_318.wav
audio_319,..\data\raw_audio\audio_319.wav,Tyo code compile garna error xa.,त्यो code compile गर्न error छ।,3.73,16000,..\data\processed_audio\audio_319.wav
audio_32,..\data\raw_audio\audio_32.wav,Tyo video edit garna time lagxa.,त्यो video edit गर्न time लाग्छ।,2.07,16000,..\data\processed_audio\audio_32.wav
audio_320,..\data\raw_audio\audio_320.wav,Maile chai tyo file delete gare.,मैले चाहिँ त्यो file delete गरे।,4.17,16000,..\data\processed_audio\audio_320.wav
audio_321,..\data\raw_audio\audio_321.wav,Let's create the database tables.,Let's create the database tables.,3.44,16000,..\data\processed_audio\audio_321.wav
audio_322,..\data\raw_audio\audio_322.wav,Mero pen harayo.,मेरो pen हरायो।,2.42,16000,..\data\processed_audio\audio_322.wav
audio_323,..\data\raw_audio\audio_323.wav,Please share the meeting recording.,Please share the meeting recording.,3.75,16000,..\data\processed_audio\audio_323.wav
audio_324,..\data\raw_audio\audio_324.wav,Tyo class cancel vayo re.,त्यो class cancel भयो रे।,3.11,16000,..\data\processed_audio\audio_324.wav
audio_325,..\data\raw_audio\audio_325.wav,Maile chai tyo diagram label gare.,मैले चाहिँ त्यो diagram label गरे।,4.17,16000,..\data\processed_audio\audio_325.wav
audio_326,..\data\raw_audio\audio_326.wav,Mero phone password bhule.,मेरो phone password भुले ।,3.81,16000,..\data\processed_audio\audio_326.wav
audio_327,..\data\raw_audio\audio_327.wav,Please check the formatting.,Please check the formatting.,3.19,16000,..\data\processed_audio\audio_327.wav
audio_328,..\data\raw_audio\audio_328.wav,Tyo question ko solution send gardinu.,त्यो question को solution send गर्दिनु।,3.94,16000,..\data\processed_audio\audio_328.wav
audio_329,..\data\raw_audio\audio_329.wav,Maile chai tyo file upload gare drive ma.,मैले चाहिँ त्यो file upload गरे drive मा।,4.91,16000,..\data\processed_audio\audio_329.wav
audio_33,..\data\raw_audio\audio_33.wav,Maile arko section ma class linu parxa.,मैले अर्को section मा class लिनुपर्छ।,2.12,16000,..\data\processed_audio\audio_33.wav
audio_330,..\data\raw_audio\audio_330.wav,Tyo teacher le example diye dherai.,त्यो teacher ले example दिए धेरै।,3.83,16000,..\data\processed_audio\audio_330.wav
audio_331,..\data\raw_audio\audio_331.wav,Let's prepare for viva tomorrow.,Let's prepare for viva tomorrow.,3.41,16000,..\data\processed_audio\audio_331.wav
audio_332,..\data\raw_audio\audio_332.wav,Mero net recharge nagareko.,मेरो net recharge नगरेको।,3.14,16000,..\data\processed_audio\audio_332.wav
audio_333,..\data\raw_audio\audio_333.wav,Please restart your laptop once.,Please restart your laptop once.,3.52,16000,..\data\processed_audio\audio_333.wav
audio_334,..\data\raw_audio\audio_334.wav,Tyo function call alik complicated xa.,त्यो function call अलिक complicated छ।,4.13,16000,..\data\processed_audio\audio_334.wav
audio_335,..\data\raw_audio\audio_335.wav,Maile chai tyo video share gare group ma.,मैले चाहिँ त्यो video share गरे group मा।,4.7,16000,..\data\processed_audio\audio_335.wav
audio_336,..\data\raw_audio\audio_336.wav,Tyo topic dherai important xa.,त्यो topic धेरै important छ।,3.32,16000,..\data\processed_audio\audio_336.wav
audio_337,..\data\raw_audio\audio_337.wav,Please clear your doubts today.,Please clear your doubts today.,3.17,16000,..\data\processed_audio\audio_337.wav
audio_338,..\data\raw_audio\audio_338.wav,Mero laptop charger khoi bhaneko xa.,मेरो laptop charger खोइ भनेको छ।,4.17,16000,..\data\processed_audio\audio_338.wav
audio_339,..\data\raw_audio\audio_339.wav,Let's practice coding tonight.,Let's practice coding tonight.,2.98,16000,..\data\processed_audio\audio_339.wav
audio_34,..\data\raw_audio\audio_34.wav,Please send me the link for registration.,Please send me the link for registration.,2.39,16000,..\data\processed_audio\audio_34.wav
audio_340,..\data\raw_audio\audio_340.wav,Maile chai github ma push gare.,मैले चाहिँ github मा push गरे।,3.52,16000,..\data\processed_audio\audio_340.wav
audio_341,..\data\raw_audio\audio_341.wav,Tyo project deployment kal garna parxa.,त्यो project deployment भोली गर्न पर्छ।,4.68,16000,..\data\processed_audio\audio_341.wav
audio_342,..\data\raw_audio\audio_342.wav,Please install the required packages.,Please install the required packages.,3.69,16000,..\data\processed_audio\audio_342.wav
audio_343,..\data\raw_audio\audio_343.wav,Mero presentation topic finalize vayo.,मेरो presentation topic finalize भयो।,3.88,16000,..\data\processed_audio\audio_343.wav
audio_344,..\data\raw_audio\audio_344.wav,Tyo teacher le bholi class linu hunna re.,त्यो teacher ले भोलि class लिनु हुन्न रे।,4.26,16000,..\data\processed_audio\audio_344.wav
audio_345,..\data\raw_audio\audio_345.wav,Maile chai tyo question solve gare quickly.,मैले चाहिँ त्यो question solve गरे quickly।,4.42,16000,..\data\processed_audio\audio_345.wav
audio_346,..\data\raw_audio\audio_346.wav,Let's complete the notes today.,Let's complete the notes today.,2.98,16000,..\data\processed_audio\audio_346.wav
audio_347,..\data\raw_audio\audio_347.wav,Mero phone battery low xa.,मेरो phone battery low छ।,3.33,16000,..\data\processed_audio\audio_347.wav
audio_348,..\data\raw_audio\audio_348.wav,Please check your gmail.,Please check your gmail.,2.81,16000,..\data\processed_audio\audio_348.wav
audio_349,..\data\raw_audio\audio_349.wav,Tyo diagram draw garna parxa sir le bhaneko.,त्यो diagram draw गर्न पर्छ sir ले भनेको।,4.43,16000,..\data\processed_audio\audio_349.wav
audio_35,..\data\raw_audio\audio_35.wav,Sir le bhaneko notes upload gardinu.,Sir ले भनेको notes upload गरिदिनु।,2.39,16000,..\data\processed_audio\audio_35.wav
audio_350,..\data\raw_audio\audio_350.wav,Maile chai tyo code run gare successfully.,मैले चाहिँ त्यो code run गरे successfully।,5.95,16000,..\data\processed_audio\audio_350.wav
audio_351,..\data\raw_audio\audio_351.wav,Mero assignment marks upload vayo.,मेरो assignment marks upload भयो।,3.59,16000,..\data\processed_audio\audio_351.wav
audio_352,..\data\raw_audio\audio_352.wav,Please rename the file properly.,Please rename the file properly.,3.52,16000,..\data\processed_audio\audio_352.wav
audio_353,..\data\raw_audio\audio_353.wav,Tyo lecture ko note share gardinu.,त्यो lecture को note share गर्दिनु।,4.58,16000,..\data\processed_audio\audio_353.wav
audio_354,..\data\raw_audio\audio_354.wav,Maile chai tyo software update gare.,मैले चाहिँ त्यो software update गरे।,4.1,16000,..\data\processed_audio\audio_354.wav
audio_355,..\data\raw_audio\audio_355.wav,Tyo teacher ko class interesting xa.,त्यो teacher को class interesting छ।,4.57,16000,..\data\processed_audio\audio_355.wav
audio_356,..\data\raw_audio\audio_356.wav,Let's finalize the team today.,Let's finalize the team today.,3.79,16000,..\data\processed_audio\audio_356.wav
audio_357,..\data\raw_audio\audio_357.wav,Mero internet package expire vayo.,मेरो internet package expire भयो।,4.7,16000,..\data\processed_audio\audio_357.wav
audio_358,..\data\raw_audio\audio_358.wav,Please send your phone number.,Please send your phone number.,3.73,16000,..\data\processed_audio\audio_358.wav
audio_359,..\data\raw_audio\audio_359.wav,Tyo code output wrong aayo.,त्यो code output wrong आयो।,3.89,16000,..\data\processed_audio\audio_359.wav
audio_36,..\data\raw_audio\audio_36.wav,Maile tyo message padhna birse.,मैले त्यो message पढ्न बिर्से।,2.12,16000,..\data\processed_audio\audio_36.wav
audio_360,..\data\raw_audio\audio_360.wav,Maile chai tyo topic clear gare.,मैले चाहिँ त्यो topic clear गरे।,4.43,16000,..\data\processed_audio\audio_360.wav
audio_361,..\data\raw_audio\audio_361.wav,Tyo function use garera check gara.,त्यो function use गरेर check गर।,4.28,16000,..\data\processed_audio\audio_361.wav
audio_362,..\data\raw_audio\audio_362.wav,Please join the class on time.,Please join the class on time.,4.26,16000,..\data\processed_audio\audio_362.wav
audio_363,..\data\raw_audio\audio_363.wav,Mero laptop ko screen flicker vairaixa.,मेरो laptop को screen flicker भइरहेको।,4.91,16000,..\data\processed_audio\audio_363.wav
audio_364,..\data\raw_audio\audio_364.wav,Let's meet after college today.,Let's meet after college today.,3.74,16000,..\data\processed_audio\audio_364.wav
audio_365,..\data\raw_audio\audio_365.wav,Maile chai tyo mail forward gare.,मैले चाहिँ त्यो mail forward गरे।,4.76,16000,..\data\processed_audio\audio_365.wav
audio_366,..\data\raw_audio\audio_366.wav,Tyo image ko clarity ramro xa.,त्यो image को clarity राम्रो छ।,4.43,16000,..\data\processed_audio\audio_366.wav
audio_367,..\data\raw_audio\audio_367.wav,Please keep your mic muted.,Please keep your mic muted.,4.0,16000,..\data\processed_audio\audio_367.wav
audio_368,..\data\raw_audio\audio_368.wav,Mero assignment pending xa.,मेरो assignment pending छ।,3.29,16000,..\data\processed_audio\audio_368.wav
audio_369,..\data\raw_audio\audio_369.wav,Tyo teacher le bholi extra class rakhnu hunxa.,त्यो teacher ले भोलि extra class राख्नु हुन्छ।,5.13,16000,..\data\processed_audio\audio_369.wav
audio_37,..\data\raw_audio\audio_37.wav,Timro pen use garna milxa?,तिम्रो pen use गर्न मिल्छ?,1.72,16000,..\data\processed_audio\audio_37.wav
audio_370,..\data\raw_audio\audio_370.wav,Maile chai tyo file compress gare.,मैले चाहिँ त्यो file compress गरे।,4.55,16000,..\data\processed_audio\audio_370.wav
audio_371,..\data\raw_audio\audio_371.wav,Let's update the github repo today.,Let's update the github repo today.,3.74,16000,..\data\processed_audio\audio_371.wav
audio_372,..\data\raw_audio\audio_372.wav,Mero phone ko display damage vayo.,मेरो phone को display damage भयो।,4.4,16000,..\data\processed_audio\audio_372.wav
audio_373,..\data\raw_audio\audio_373.wav,Please follow the instructions.,Please follow the instructions.,3.92,16000,..\data\processed_audio\audio_373.wav
audio_374,..\data\raw_audio\audio_374.wav,Tyo diagram color garna parxa.,त्यो diagram color गर्न पर्छ।,4.38,16000,..\data\processed_audio\audio_374.wav
audio_375,..\data\raw_audio\audio_375.wav,Maile chai tyo error solve gare.,मैले चाहिँ त्यो error solve गरे।,4.54,16000,..\data\processed_audio\audio_375.wav
audio_376,..\data\raw_audio\audio_376.wav,Mero internet connection fine xa ajhai.,मेरो internet connection fine छ अझै.,3.5,16000,..\data\processed_audio\audio_376.wav
audio_377,..\data\raw_audio\audio_377.wav,Please clean the desktop icons.,Please clean the desktop icons.,2.73,16000,..\data\processed_audio\audio_377.wav
audio_378,..\data\raw_audio\audio_378.wav,Tyo video edit gardai xu maile.,त्यो video edit गर्दै छु मैले.,3.06,16000,..\data\processed_audio\audio_378.wav
audio_379,..\data\raw_audio\audio_379.wav,Maile chai assignment upload gare.,मैले चाहिँ assignment upload गरे.,3.1,16000,..\data\processed_audio\audio_379.wav
audio_38,..\data\raw_audio\audio_38.wav,Ma ghar pugna laai taxi liyera gaye.,म घर पुग्नलाई taxi लिएर गए।,2.44,16000,..\data\processed_audio\audio_38.wav
audio_380,..\data\raw_audio\audio_380.wav,Tyo teacher le feedback diyera ramro lagyo.,त्यो teacher ले feedback दिएर राम्रो लाग्यो.,4.21,16000,..\data\processed_audio\audio_380.wav
audio_381,..\data\raw_audio\audio_381.wav,Let's join class early tomorrow.,Let's join class early tomorrow.,2.71,16000,..\data\processed_audio\audio_381.wav
audio_382,..\data\raw_audio\audio_382.wav,Mero bike ko tyre puncture vayo.,मेरो bike को tyre puncture भयो.,3.23,16000,..\data\processed_audio\audio_382.wav
audio_383,..\data\raw_audio\audio_383.wav,Please attend the seminar tomorrow.,Please attend the seminar tomorrow.,2.93,16000,..\data\processed_audio\audio_383.wav
audio_384,..\data\raw_audio\audio_384.wav,Tyo code snippet explain gardinu.,त्यो code snippet explain गर्दिनु.,3.25,16000,..\data\processed_audio\audio_384.wav
audio_385,..\data\raw_audio\audio_385.wav,Maile chai tyo note revise gare.,मैले चाहिँ त्यो note revise गरे.,2.99,16000,..\data\processed_audio\audio_385.wav
audio_386,..\data\raw_audio\audio_386.wav,Tyo topic test ma aauxa re.,त्यो topic test मा आउँछ रे.,2.44,16000,..\data\processed_audio\audio_386.wav
audio_387,..\data\raw_audio\audio_387.wav,Please login to your account.,Please login to your account.,2.77,16000,..\data\processed_audio\audio_387.wav
audio_388,..\data\raw_audio\audio_388.wav,Mero phone ko camera damaged xa.,मेरो phone को camera damaged छ.,3.21,16000,..\data\processed_audio\audio_388.wav
audio_389,..\data\raw_audio\audio_389.wav,Let's complete the work today itself.,Let's complete the work today itself.,3.0,16000,..\data\processed_audio\audio_389.wav
audio_39,..\data\raw_audio\audio_39.wav,Tyo app use garna easy xa.,त्यो app use गर्न easy छ।,1.9,16000,..\data\processed_audio\audio_39.wav
audio_390,..\data\raw_audio\audio_390.wav,Maile chai github repo clone gare.,मैले चाहिँ github repo clone गरे.,2.83,16000,..\data\processed_audio\audio_390.wav
audio_391,..\data\raw_audio\audio_391.wav,Tyo teacher le question bank pathaunu bhayo.,त्यो teacher ले question bank पठाउनु भयो.,3.17,16000,..\data\processed_audio\audio_391.wav
audio_392,..\data\raw_audio\audio_392.wav,Please fill the attendance form.,Please fill the attendance form.,2.35,16000,..\data\processed_audio\audio_392.wav
audio_393,..\data\raw_audio\audio_393.wav,Mero laptop ko RAM upgrade garnu parxa.,मेरो laptop को RAM upgrade गर्नु पर्छ.,3.11,16000,..\data\processed_audio\audio_393.wav
audio_394,..\data\raw_audio\audio_394.wav,Tyo app ko interface user friendly xa.,त्यो app को interface user friendly छ.,3.67,16000,..\data\processed_audio\audio_394.wav
audio_395,..\data\raw_audio\audio_395.wav,Maile chai tyo topic revise gare yesterday.,मैले चाहिँ त्यो topic revise गरे yesterday.,3.92,16000,..\data\processed_audio\audio_395.wav
audio_396,..\data\raw_audio\audio_396.wav,Let's start practical from today.,Let's start practical from today.,3.31,16000,..\data\processed_audio\audio_396.wav
audio_397,..\data\raw_audio\audio_397.wav,Mero phone repair ma cha ahile.,मेरो phone repair मा छ अहिले.,2.99,16000,..\data\processed_audio\audio_397.wav
audio_398,..\data\raw_audio\audio_398.wav,Please print the document.,Please print the document.,2.19,16000,..\data\processed_audio\audio_398.wav
audio_399,..\data\raw_audio\audio_399.wav,Tyo diagram explain garna sir le bhaneko.,त्यो diagram explain गर्न sir ले भनेको.,3.27,16000,..\data\processed_audio\audio_399.wav
audio_4,..\data\raw_audio\audio_4.wav,Please send me the pdf after class.,Please send me the pdf after class.,2.44,16000,..\data\processed_audio\audio_4.wav
audio_40,..\data\raw_audio\audio_40.wav,Let's go for tea break.,Let's go for tea break.,1.76,16000,..\data\processed_audio\audio_40.wav
audio_400,..\data\raw_audio\audio_400.wav,Maile chai tyo output verify gare.,मैले चाहिँ त्यो output verify गरे.,3.48,16000,..\data\processed_audio\audio_400.wav
audio_401,..\data\raw_audio\audio_401.wav,Mero net connection thik cha ajhai.,मेरो net connection ठीक छ अझै.,2.81,16000,..\data\processed_audio\audio_401.wav
audio_402,..\data\raw_audio\audio_402.wav,Please join the google meet.,Please join the google meet.,2.4,16000,..\data\processed_audio\audio_402.wav
audio_403,..\data\raw_audio\audio_403.wav,Tyo code execution time lagxa.,त्यो code execution time लाग्छ.,2.98,16000,..\data\processed_audio\audio_403.wav
audio_404,..\data\raw_audio\audio_404.wav,Maile chai tyo project deploy gare.,मैले चाहिँ त्यो project deploy गरे.,3.02,16000,..\data\processed_audio\audio_404.wav
audio_405,..\data\raw_audio\audio_405.wav,Tyo teacher ko lecture record vayo.,त्यो teacher को lecture record भयो.,2.81,16000,..\data\processed_audio\audio_405.wav
audio_406,..\data\raw_audio\audio_406.wav,Let's finalize documentation today.,Let's finalize documentation today.,3.1,16000,..\data\processed_audio\audio_406.wav
audio_407,..\data\raw_audio\audio_407.wav,Mero phone ko mic kam gariraixa.,मेरो phone को mic काम गरिरहेछ.,3.6,16000,..\data\processed_audio\audio_407.wav
audio_408,..\data\raw_audio\audio_408.wav,Please send the invoice copy.,Please send the invoice copy.,2.75,16000,..\data\processed_audio\audio_408.wav
audio_409,..\data\raw_audio\audio_409.wav,Tyo diagram ma label halna bhulecha.,त्यो diagram मा label हाल्न भूलेछ.,2.93,16000,..\data\processed_audio\audio_409.wav
audio_41,..\data\raw_audio\audio_41.wav,Maile tyo error fix gare.,मैले त्यो error fix गरे।,2.02,16000,..\data\processed_audio\audio_41.wav
audio_410,..\data\raw_audio\audio_410.wav,Maile chai tyo presentation prepare gare.,मैले चाहिँ त्यो presentation prepare गरे.,3.21,16000,..\data\processed_audio\audio_410.wav
audio_411,..\data\raw_audio\audio_411.wav,Tyo question ko solution easy xa.,त्यो question को solution easy छ.,2.96,16000,..\data\processed_audio\audio_411.wav
audio_412,..\data\raw_audio\audio_412.wav,Please finish the notes today.,Please finish the notes today.,2.83,16000,..\data\processed_audio\audio_412.wav
audio_413,..\data\raw_audio\audio_413.wav,Mero assignment due date bholi ho.,मेरो assignment due date भोलि हो.,3.33,16000,..\data\processed_audio\audio_413.wav
audio_414,..\data\raw_audio\audio_414.wav,Let's practice viva questions.,Let's practice viva questions.,3.15,16000,..\data\processed_audio\audio_414.wav
audio_415,..\data\raw_audio\audio_415.wav,Maile chai tyo mail draft gare.,मैले चाहिँ त्यो mail draft गरे.,3.06,16000,..\data\processed_audio\audio_415.wav
audio_416,..\data\raw_audio\audio_416.wav,Tyo topic aaja padhna parxa.,त्यो topic आज पढ्न पर्छ.,2.65,16000,..\data\processed_audio\audio_416.wav
audio_417,..\data\raw_audio\audio_417.wav,Please shutdown your PC properly.,Please shutdown your PC properly.,2.71,16000,..\data\processed_audio\audio_417.wav
audio_418,..\data\raw_audio\audio_418.wav,Mero phone ko cover harayo.,मेरो phone को cover हरायो.,2.29,16000,..\data\processed_audio\audio_418.wav
audio_419,..\data\raw_audio\audio_419.wav,Tyo teacher le code explain garnu bhayo.,त्यो teacher ले code explain गर्नु भयो.,2.92,16000,..\data\processed_audio\audio_419.wav
audio_42,..\data\raw_audio\audio_42.wav,Tyo project ko idea ramro cha.,त्यो project को idea राम्रो छ।,1.88,16000,..\data\processed_audio\audio_42.wav
audio_420,..\data\raw_audio\audio_420.wav,Maile chai tyo code optimize gare.,मैले चाहिँ त्यो code optimize गरे.,2.83,16000,..\data\processed_audio\audio_420.wav
audio_421,..\data\raw_audio\audio_421.wav,Let's check the github issues.,Let's check the github issues.,2.63,16000,..\data\processed_audio\audio_421.wav
audio_422,..\data\raw_audio\audio_422.wav,Mero presentation kal submit garna parxa.,मेरो presentation भोलि submit गर्न पर्छ.,3.92,16000,..\data\processed_audio\audio_422.wav
audio_423,..\data\raw_audio\audio_423.wav,Please arrange the chairs properly.,Please arrange the chairs properly.,2.67,16000,..\data\processed_audio\audio_423.wav
audio_424,..\data\raw_audio\audio_424.wav,Tyo file rename garna parxa.,त्यो file rename गर्न पर्छ.,2.31,16000,..\data\processed_audio\audio_424.wav
audio_425,..\data\raw_audio\audio_425.wav,Maile chai tyo task assign gare.,मैले चाहिँ त्यो task assign गरे.,2.93,16000,..\data\processed_audio\audio_425.wav
audio_426,..\data\raw_audio\audio_426.wav,Mero internet off vayo bihanai.,मेरो internet off भयो बिहानै.,2.83,16000,..\data\processed_audio\audio_426.wav
audio_427,..\data\raw_audio\audio_427.wav,Please restart the system.,Please restart the system.,2.15,16000,..\data\processed_audio\audio_427.wav
audio_428,..\data\raw_audio\audio_428.wav,Tyo diagram ko scale milena.,त्यो diagram को scale मिलेन.,2.4,16000,..\data\processed_audio\audio_428.wav
audio_429,..\data\raw_audio\audio_429.wav,Maile chai tyo video record gare.,मैले चाहिँ त्यो video record गरे.,2.31,16000,..\data\processed_audio\audio_429.wav
audio_43,..\data\raw_audio\audio_43.wav,Please mute your mic during class.,Please mute your mic during class.,2.24,16000,..\data\processed_audio\audio_43.wav
audio_430,..\data\raw_audio\audio_430.wav,Tyo teacher le feedback diye ramro cha.,त्यो teacher ले feedback दिए राम्रो छ.,2.85,16000,..\data\processed_audio\audio_430.wav
audio_431,..\data\raw_audio\audio_431.wav,Let's finish this code today.,Let's finish this code today.,2.06,16000,..\data\processed_audio\audio_431.wav
audio_432,..\data\raw_audio\audio_432.wav,Mero bike ko key khoi bhaneko xu.,मेरो bike को key खै भनेको छु.,2.93,16000,..\data\processed_audio\audio_432.wav
audio_433,..\data\raw_audio\audio_433.wav,Please join the zoom meeting.,Please join the zoom meeting.,2.48,16000,..\data\processed_audio\audio_433.wav
audio_434,..\data\raw_audio\audio_434.wav,Tyo code ma syntax error xa re.,त्यो code मा syntax error छ रे.,2.5,16000,..\data\processed_audio\audio_434.wav
audio_435,..\data\raw_audio\audio_435.wav,Maile chai tyo file download gare.,मैले चाहिँ त्यो file download गरे.,2.46,16000,..\data\processed_audio\audio_435.wav
audio_436,..\data\raw_audio\audio_436.wav,Tyo topic dherai important xa.,त्यो topic धेरै important छ.,2.21,16000,..\data\processed_audio\audio_436.wav
audio_437,..\data\raw_audio\audio_437.wav,Please mute your mic during call.,Please mute your mic during call.,2.24,16000,..\data\processed_audio\audio_437.wav
audio_438,..\data\raw_audio\audio_438.wav,Mero laptop ko fan awaj gariraixa.,मेरो laptop को fan आवाज गरिरहेछ.,2.67,16000,..\data\processed_audio\audio_438.wav
audio_439,..\data\raw_audio\audio_439.wav,Let's finalize the budget today.,Let's finalize the budget today.,2.52,16000,..\data\processed_audio\audio_439.wav
audio_44,..\data\raw_audio\audio_44.wav,Mero code ma syntax error xa re.,मेरो code मा syntax error छ रे।,2.22,16000,..\data\processed_audio\audio_44.wav
audio_440,..\data\raw_audio\audio_440.wav,Maile chai tyo pdf upload gare.,मैले चाहिँ त्यो pdf upload गरे.,2.58,16000,..\data\processed_audio\audio_440.wav
audio_441,..\data\raw_audio\audio_441.wav,Tyo question ko answer prepare garnu.,त्यो question को answer prepare गर्नु.,2.58,16000,..\data\processed_audio\audio_441.wav
audio_442,..\data\raw_audio\audio_442.wav,Please check the file size.,Please check the file size.,2.19,16000,..\data\processed_audio\audio_442.wav
audio_443,..\data\raw_audio\audio_443.wav,Mero phone ko display damage vayo.,मेरो phone को display damage भयो.,2.58,16000,..\data\processed_audio\audio_443.wav
audio_444,..\data\raw_audio\audio_444.wav,Tyo teacher le example diye ramro.,त्यो teacher ले example दिए राम्रो.,2.62,16000,..\data\processed_audio\audio_444.wav
audio_445,..\data\raw_audio\audio_445.wav,Maile chai tyo app uninstall gare.,मैले चाहिँ त्यो app uninstall गरे.,3.02,16000,..\data\processed_audio\audio_445.wav
audio_446,..\data\raw_audio\audio_446.wav,Let's update the report today.,Let's update the report today.,2.25,16000,..\data\processed_audio\audio_446.wav
audio_447,..\data\raw_audio\audio_447.wav,Mero assignment file missing xa.,मेरो assignment file missing छ.,2.65,16000,..\data\processed_audio\audio_447.wav
audio_448,..\data\raw_audio\audio_448.wav,Please send your roll number.,Please send your roll number.,1.96,16000,..\data\processed_audio\audio_448.wav
audio_449,..\data\raw_audio\audio_449.wav,Tyo diagram ma color halna parxa.,त्यो diagram मा color हाल्न पर्छ.,2.83,16000,..\data\processed_audio\audio_449.wav
audio_45,..\data\raw_audio\audio_45.wav,Kal holiday xa re college ma.,भोलि holiday छ रे college मा।,1.94,16000,..\data\processed_audio\audio_45.wav
audio_450,..\data\raw_audio\audio_450.wav,Maile chai tyo program run gare.,मैले चाहिँ त्यो program run गरे.,2.54,16000,..\data\processed_audio\audio_450.wav
audio_451,..\data\raw_audio\audio_451.wav,Mero internet connection problem xa.,मेरो internet connection problem छ.,2.96,16000,..\data\processed_audio\audio_451.wav
audio_452,..\data\raw_audio\audio_452.wav,Please submit your assignment soon.,Please submit your assignment soon.,2.62,16000,..\data\processed_audio\audio_452.wav
audio_453,..\data\raw_audio\audio_453.wav,Tyo class kal cancel vayo re.,त्यो class भोलि cancel भयो रे.,2.66,16000,..\data\processed_audio\audio_453.wav
audio_454,..\data\raw_audio\audio_454.wav,Maile chai tyo note upload gare drive ma.,मैले चाहिँ त्यो note upload गरे drive मा.,3.42,16000,..\data\processed_audio\audio_454.wav
audio_455,..\data\raw_audio\audio_455.wav,Tyo teacher ko class recording cha.,त्यो teacher को class recording छ.,2.93,16000,..\data\processed_audio\audio_455.wav
audio_456,..\data\raw_audio\audio_456.wav,Let's start the new module today.,Let's start the new module today.,2.88,16000,..\data\processed_audio\audio_456.wav
audio_457,..\data\raw_audio\audio_457.wav,Mero phone charger khoi bhaneko xu.,मेरो phone charger खै भनेको छु.,3.21,16000,..\data\processed_audio\audio_457.wav
audio_458,..\data\raw_audio\audio_458.wav,Please mute yourself before entering.,Please mute yourself before entering.,2.78,16000,..\data\processed_audio\audio_458.wav
audio_459,..\data\raw_audio\audio_459.wav,Tyo diagram ma scale wrong cha.,त्यो diagram मा scale wrong छ.,2.79,16000,..\data\processed_audio\audio_459.wav
audio_46,..\data\raw_audio\audio_46.wav,Tyo website ko UI design attractive cha.,त्यो website को UI design attractive छ।,2.59,16000,..\data\processed_audio\audio_46.wav
audio_460,..\data\raw_audio\audio_460.wav,Maile chai tyo file rename gare.,मैले चाहिँ त्यो file rename गरे.,3.0,16000,..\data\processed_audio\audio_460.wav
audio_461,..\data\raw_audio\audio_461.wav,Tyo question ko solution explain gardinu.,त्यो question को solution explain गर्दिनु.,2.96,16000,..\data\processed_audio\audio_461.wav
audio_462,..\data\raw_audio\audio_462.wav,Please check your spam folder.,Please check your spam folder.,2.48,16000,..\data\processed_audio\audio_462.wav
audio_463,..\data\raw_audio\audio_463.wav,Mero presentation marks aayo.,मेरो presentation marks आयो.,2.5,16000,..\data\processed_audio\audio_463.wav
audio_464,..\data\raw_audio\audio_464.wav,Let's finish this chapter today.,Let's finish this chapter today.,2.4,16000,..\data\processed_audio\audio_464.wav
audio_465,..\data\raw_audio\audio_465.wav,Maile chai tyo repo push gare.,मैले चाहिँ त्यो repo push गरे.,2.56,16000,..\data\processed_audio\audio_465.wav
audio_466,..\data\raw_audio\audio_466.wav,Tyo app update nagareko xu maile.,त्यो app update नगरेको छु मैले.,2.77,16000,..\data\processed_audio\audio_466.wav
audio_467,..\data\raw_audio\audio_467.wav,Please clean your downloads folder.,Please clean your downloads folder.,2.99,16000,..\data\processed_audio\audio_467.wav
audio_468,..\data\raw_audio\audio_468.wav,Mero bike service ma cha.,मेरो bike service मा छ.,2.44,16000,..\data\processed_audio\audio_468.wav
audio_469,..\data\raw_audio\audio_469.wav,Tyo teacher le homework pathaunu bhayo.,त्यो teacher ले homework पठाउनु भयो.,2.9,16000,..\data\processed_audio\audio_469.wav
audio_47,..\data\raw_audio\audio_47.wav,Maile tyo pdf drive ma rakheko xu.,मैले त्यो pdf drive मा राखेको छु।,2.41,16000,..\data\processed_audio\audio_47.wav
audio_470,..\data\raw_audio\audio_470.wav,Maile chai tyo bug fix gare.,मैले चाहिँ त्यो bug fix गरे.,2.73,16000,..\data\processed_audio\audio_470.wav
audio_471,..\data\raw_audio\audio_471.wav,Let's start project report today.,Let's start project report today.,2.83,16000,..\data\processed_audio\audio_471.wav
audio_472,..\data\raw_audio\audio_472.wav,Mero phone password change gareko xu.,मेरो phone password change गरेको छु.,3.1,16000,..\data\processed_audio\audio_472.wav
audio_473,..\data\raw_audio\audio_473.wav,Please upload your photo.,Please upload your photo.,2.19,16000,..\data\processed_audio\audio_473.wav
audio_474,..\data\raw_audio\audio_474.wav,Tyo diagram draw garna alik garo lagyo.,त्यो diagram draw गर्न अलि गाह्रो लाग्यो.,3.37,16000,..\data\processed_audio\audio_474.wav
audio_475,..\data\raw_audio\audio_475.wav,Maile chai tyo error solve gare finally.,मैले चाहिँ त्यो error solve गरे finally.,3.52,16000,..\data\processed_audio\audio_475.wav
audio_476,..\data\raw_audio\audio_476.wav,Mero net recharge garnai parxa aaja.,मेरो net recharge गर्नै पर्छ आज.,3.25,16000,..\data\processed_audio\audio_476.wav
audio_477,..\data\raw_audio\audio_477.wav,Please join the class early tomorrow.,Please join the class early tomorrow.,2.85,16000,..\data\processed_audio\audio_477.wav
audio_478,..\data\raw_audio\audio_478.wav,Tyo teacher le attendance linu bhayo.,त्यो teacher ले attendance लिनु भयो.,2.65,16000,..\data\processed_audio\audio_478.wav
audio_479,..\data\raw_audio\audio_479.wav,Maile chai tyo topic revise gare kal.,मैले चाहिँ त्यो topic revise गरे हिजो.,3.2,16000,..\data\processed_audio\audio_479.wav
audio_48,..\data\raw_audio\audio_48.wav,Please check your email.,Please check your email.,1.47,16000,..\data\processed_audio\audio_48.wav
audio_480,..\data\raw_audio\audio_480.wav,Tyo question answer garnai parxa.,त्यो question answer गर्नै पर्छ.,2.77,16000,..\data\processed_audio\audio_480.wav
audio_481,..\data\raw_audio\audio_481.wav,Let's plan for tomorrow's presentation.,Let's plan for tomorrow's presentation.,2.88,16000,..\data\processed_audio\audio_481.wav
audio_482,..\data\raw_audio\audio_482.wav,Mero laptop ko keyboard kam gariraixa.,मेरो laptop को keyboard काम गरिरहेछ.,3.17,16000,..\data\processed_audio\audio_482.wav
audio_483,..\data\raw_audio\audio_483.wav,Please delete the duplicate files.,Please delete the duplicate files.,2.38,16000,..\data\processed_audio\audio_483.wav
audio_484,..\data\raw_audio\audio_484.wav,Tyo app update garna bhule.,त्यो app update गर्न भूले.,2.69,16000,..\data\processed_audio\audio_484.wav
audio_485,..\data\raw_audio\audio_485.wav,Maile chai tyo diagram banaune try gare.,मैले चाहिँ त्यो diagram बनाउने try गरे.,3.04,16000,..\data\processed_audio\audio_485.wav
audio_486,..\data\raw_audio\audio_486.wav,Tyo teacher le extra class rakhnu bhayo.,त्यो teacher ले extra class राख्नु भयो.,3.06,16000,..\data\processed_audio\audio_486.wav
audio_487,..\data\raw_audio\audio_487.wav,Please submit your practical file.,Please submit your practical file.,2.45,16000,..\data\processed_audio\audio_487.wav
audio_488,..\data\raw_audio\audio_488.wav,Mero assignment ko plagiarism check garnu parxa.,मेरो assignment को plagiarism check गर्नु पर्छ.,4.1,16000,..\data\processed_audio\audio_488.wav
audio_489,..\data\raw_audio\audio_489.wav,Let's finish the presentation today itself.,Let's finish the presentation today itself.,3.54,16000,..\data\processed_audio\audio_489.wav
audio_49,..\data\raw_audio\audio_49.wav,Ma arko week bata start garxu.,म अर्को week बाट start गर्छु।,2.21,16000,..\data\processed_audio\audio_49.wav
audio_490,..\data\raw_audio\audio_490.wav,Maile chai tyo video upload gare youtube ma.,मैले चाहिँ त्यो video upload गरे youtube मा.,3.06,16000,..\data\processed_audio\audio_490.wav
audio_491,..\data\raw_audio\audio_491.wav,Tyo question ko explanation ramro xa.,त्यो question को explanation राम्रो छ.,2.73,16000,..\data\processed_audio\audio_491.wav
audio_492,..\data\raw_audio\audio_492.wav,Please logout from your gmail.,Please logout from your gmail.,2.56,16000,..\data\processed_audio\audio_492.wav
audio_493,..\data\raw_audio\audio_493.wav,Mero phone ko battery fast discharge vairaixa.,मेरो phone को battery fast discharge भइरहेछ.,3.54,16000,..\data\processed_audio\audio_493.wav
audio_494,..\data\raw_audio\audio_494.wav,Tyo teacher le topic ramro explain garnu bhayo.,त्यो teacher ले topic राम्रो explain गर्नु भयो.,3.54,16000,..\data\processed_audio\audio_494.wav
audio_495,..\data\raw_audio\audio_495.wav,Maile chai tyo form fill gare already.,मैले चाहिँ त्यो form fill गरे already.,3.23,16000,..\data\processed_audio\audio_495.wav
audio_496,..\data\raw_audio\audio_496.wav,Let's complete coding practice today.,Let's complete coding practice today.,2.87,16000,..\data\processed_audio\audio_496.wav
audio_497,..\data\raw_audio\audio_497.wav,Mero bike ko brake problem xa.,मेरो bike को brake problem छ.,2.51,16000,..\data\processed_audio\audio_497.wav
audio_498,..\data\raw_audio\audio_498.wav,Please create new folder for this.,Please create new folder for this.,2.62,16000,..\data\processed_audio\audio_498.wav
audio_499,..\data\raw_audio\audio_499.wav,Tyo diagram check garna sir le bhaneko.,त्यो diagram check गर्न sir ले भनेको.,3.05,16000,..\data\processed_audio\audio_499.wav
audio_5,..\data\raw_audio\audio_5.wav,Mero phone ko battery almost dead xa.,मेरो phone को battery almost dead छ।,2.97,16000,..\data\processed_audio\audio_5.wav
audio_50,..\data\raw_audio\audio_50.wav,Tyo function call garera check gara.,त्यो function call गरेर check गर।,2.1,16000,..\data\processed_audio\audio_50.wav
audio_500,..\data\raw_audio\audio_500.wav,Maile chai tyo output verify gare finally.,मैले चाहिँ त्यो output verify गरे finally.,3.41,16000,..\data\processed_audio\audio_500.wav
audio_51,..\data\raw_audio\audio_51.wav,Mero notes bhetiena.,मेरो notes भेटिएन।,1.4,16000,..\data\processed_audio\audio_51.wav
audio_52,..\data\raw_audio\audio_52.wav,Maile chai class ma suneko xu yo kura.,मैलेचै  class मा सुनेको छु यो कुरा।,2.5,16000,..\data\processed_audio\audio_52.wav
audio_53,..\data\raw_audio\audio_53.wav,Tyo practical test garna alik garo cha.,त्यो practical test गर्न अलिक गाह्रो छ।,2.32,16000,..\data\processed_audio\audio_53.wav
audio_54,..\data\raw_audio\audio_54.wav,Please bring your laptop tomorrow.,Please bring your laptop tomorrow.,1.8,16000,..\data\processed_audio\audio_54.wav
audio_55,..\data\raw_audio\audio_55.wav,Maile tyo assignment submit gareko xu already.,मैले त्यो assignment submit गरेको छु already.,2.76,16000,..\data\processed_audio\audio_55.wav
audio_56,..\data\raw_audio\audio_56.wav,Sir le kal viva linu hunchha.,Sir ले भोलि viva लिनु हुन्छ।,2.03,16000,..\data\processed_audio\audio_56.wav
audio_57,..\data\raw_audio\audio_57.wav,Let's finish this task today itself.,Let's finish this task today itself.,2.52,16000,..\data\processed_audio\audio_57.wav
audio_58,..\data\raw_audio\audio_58.wav,Mero room ma charger xa.,मेरो room मा charger छ।,1.83,16000,..\data\processed_audio\audio_58.wav
audio_59,..\data\raw_audio\audio_59.wav,Please download the software before class.,Please download the software before class.,2.89,16000,..\data\processed_audio\audio_59.wav
audio_6,..\data\raw_audio\audio_6.wav,Let's go to canteen after this lecture.,Let's go to canteen after this lecture.,2.04,16000,..\data\processed_audio\audio_6.wav
audio_60,..\data\raw_audio\audio_60.wav,Maile tyo meeting join garna birse.,मैले त्यो meeting join गर्न बिर्से।,2.37,16000,..\data\processed_audio\audio_60.wav
audio_61,..\data\raw_audio\audio_61.wav,Tyo topic explain gardinu na.,त्यो topic explain गरिदिनु न।,2.0,16000,..\data\processed_audio\audio_61.wav
audio_62,..\data\raw_audio\audio_62.wav,Yo project deploy garnai parxa.,यो project deploy गर्नै पर्छ।,2.24,16000,..\data\processed_audio\audio_62.wav
audio_63,..\data\raw_audio\audio_63.wav,Mero phone ko storage full vayo.,मेरो phone को storage full भयो।,2.31,16000,..\data\processed_audio\audio_63.wav
audio_64,..\data\raw_audio\audio_64.wav,Let's have coffee after lunch.,Let's have coffee after lunch.,2.31,16000,..\data\processed_audio\audio_64.wav
audio_65,..\data\raw_audio\audio_65.wav,Mero group ko presentation today xa.,मेरो group को presentation today छ।,2.51,16000,..\data\processed_audio\audio_65.wav
audio_66,..\data\raw_audio\audio_66.wav,Tyo lecture record garna parxa.,त्यो lecture record गर्नुपर्छ।,2.12,16000,..\data\processed_audio\audio_66.wav
audio_67,..\data\raw_audio\audio_67.wav,Please check the output once.,Please check the output once.,1.88,16000,..\data\processed_audio\audio_67.wav
audio_68,..\data\raw_audio\audio_68.wav,Ma arko video banauchu tes mathi.,म अर्को video बनाउँछु त्यस माथि।,2.53,16000,..\data\processed_audio\audio_68.wav
audio_69,..\data\raw_audio\audio_69.wav,Sir le code explain garna bhaneko thiyo.,Sir ले code explain गर्न भनेको थियो।,2.45,16000,..\data\processed_audio\audio_69.wav
audio_7,..\data\raw_audio\audio_7.wav,Maile yo topic bujhna try gare but alik garo lagyo.,मैले यो topic बुझ्न try गरे but अलिक गाह्रो लाग्यो।,3.83,16000,..\data\processed_audio\audio_7.wav
audio_70,..\data\raw_audio\audio_70.wav,Let's complete all modules today.,Let's complete all modules today.,2.26,16000,..\data\processed_audio\audio_70.wav
audio_71,..\data\raw_audio\audio_71.wav,Tyo folder drive ma xa already.,त्यो folder drive मा छ already.,2.12,16000,..\data\processed_audio\audio_71.wav
audio_72,..\data\raw_audio\audio_72.wav,Maile chai morning ma padha xu.,मैले chai morning मा पढेको छु।,2.1,16000,..\data\processed_audio\audio_72.wav
audio_73,..\data\raw_audio\audio_73.wav,Please wait for five minutes.,Please wait for five minutes.,2.08,16000,..\data\processed_audio\audio_73.wav
audio_74,..\data\raw_audio\audio_74.wav,Tyo class start vayo ki nai?,त्यो class start भयो कि होइन?,2.02,16000,..\data\processed_audio\audio_74.wav
audio_75,..\data\raw_audio\audio_75.wav,Maile chai sabai notes revise gare.,मैलेचै सबै notes revise गरे।,2.58,16000,..\data\processed_audio\audio_75.wav
audio_76,..\data\raw_audio\audio_76.wav,Tyo seminar ma interesting topic thiyo.,त्यो seminar मा interesting topic थियो।,2.55,16000,..\data\processed_audio\audio_76.wav
audio_77,..\data\raw_audio\audio_77.wav,Mero bike ko petrol sakiyo.,मेरो bike को petrol सकियो।,2.11,16000,..\data\processed_audio\audio_77.wav
audio_78,..\data\raw_audio\audio_78.wav,Let's go for a walk in evening.,Let's go for a walk in evening.,2.24,16000,..\data\processed_audio\audio_78.wav
audio_79,..\data\raw_audio\audio_79.wav,Maile chai assignment hard copy submit gare.,मैलेचै assignment hard copy submit गरे।,2.47,16000,..\data\processed_audio\audio_79.wav
audio_8,..\data\raw_audio\audio_8.wav,"Herana, yo diagram ramro sanga draw garnu parxa.","हेरन, यो diagram राम्रोसँग draw गर्नुपर्छ।",3.24,16000,..\data\processed_audio\audio_8.wav
audio_80,..\data\raw_audio\audio_80.wav,Please share your screen.,Please share your screen.,1.66,16000,..\data\processed_audio\audio_80.wav
audio_81,..\data\raw_audio\audio_81.wav,Tyo error ko solution google ma xa.,त्यो error को solution google मा छ।,2.3,16000,..\data\processed_audio\audio_81.wav
audio_82,..\data\raw_audio\audio_82.wav,Maile chai ghar ma padhna ramro lagxa.,मैलेचै घरमा पढ्न राम्रो लाग्छ।,2.14,16000,..\data\processed_audio\audio_82.wav
audio_83,..\data\raw_audio\audio_83.wav,Tyo book ma diagram ramro cha.,त्यो book मा diagram राम्रो छ।,2.04,16000,..\data\processed_audio\audio_83.wav
audio_84,..\data\raw_audio\audio_84.wav,Let's finalize the project report today.,Let's finalize the project report today.,2.51,16000,..\data\processed_audio\audio_84.wav
audio_85,..\data\raw_audio\audio_85.wav,Mero pen khoi bhaneko xa.,मेरो pen खोइ भनेको छ।,2.0,16000,..\data\processed_audio\audio_85.wav
audio_86,..\data\raw_audio\audio_86.wav,Maile chai code push gare github ma.,मैलेचै code push गरे github मा।,2.41,16000,..\data\processed_audio\audio_86.wav
audio_87,..\data\raw_audio\audio_87.wav,Please explain the logic once.,Please explain the logic once.,2.16,16000,..\data\processed_audio\audio_87.wav
audio_88,..\data\raw_audio\audio_88.wav,Tyo video ma subtitle cha ki nai?,त्यो video मा subtitle छ कि छैन?,2.17,16000,..\data\processed_audio\audio_88.wav
audio_89,..\data\raw_audio\audio_89.wav,Mero roll number 40 ho.,मेरो roll number 40 हो।,2.08,16000,..\data\processed_audio\audio_89.wav
audio_9,..\data\raw_audio\audio_9.wav,Tyo presentation ma photo clarity thikai xa ni.,त्यो presentation मा photo clarity ठीकै छ नि।,2.39,16000,..\data\processed_audio\audio_9.wav
audio_90,..\data\raw_audio\audio_90.wav,Tyo photo clear cha.,त्यो photo clear छ।,1.58,16000,..\data\processed_audio\audio_90.wav
audio_91,..\data\raw_audio\audio_91.wav,Please reply to my email soon.,Please reply to my email soon.,2.15,16000,..\data\processed_audio\audio_91.wav
audio_92,..\data\raw_audio\audio_92.wav,Maile chai sabai task complete gare.,मैलेचै सबै task complete गरे।,2.38,16000,..\data\processed_audio\audio_92.wav
audio_93,..\data\raw_audio\audio_93.wav,Tyo video upload garna time lagxa.,त्यो video upload गर्न time लाग्छ।,2.32,16000,..\data\processed_audio\audio_93.wav
audio_94,..\data\raw_audio\audio_94.wav,Mero laptop ko charger harayo.,मेरो laptop को charger हरायो।,2.03,16000,..\data\processed_audio\audio_94.wav
audio_95,..\data\raw_audio\audio_95.wav,Let's plan for tomorrow's class.,Let's plan for tomorrow's class.,2.26,16000,..\data\processed_audio\audio_95.wav
audio_96,..\data\raw_audio\audio_96.wav,Maile chai form fill gare already.,मैलेचै form fill गरे already.,2.5,16000,..\data\processed_audio\audio_96.wav
audio_97,..\data\raw_audio\audio_97.wav,Tyo code snippet send gardinu.,त्यो code snippet send गरिदिनु।,2.11,16000,..\data\processed_audio\audio_97.wav
audio_98,..\data\raw_audio\audio_98.wav,Please update the document today.,Please update the document today.,2.13,16000,..\data\processed_audio\audio_98.wav
audio_99,..\data\raw_audio\audio_99.wav,Maile chai output check gare already.,मैलेचै output check गरे already.,2.12,16000,..\data\processed_audio\audio_99.wav
